<?xml version="1.0" encoding="UTF-8"?>
<beans xmlns="http://www.springframework.org/schema/beans"
	xmlns:xsi="http://www.w3.org/2001/XMLSchema-instance"
	xmlns:c="http://www.springframework.org/schema/c"
	xmlns:tx="http://www.springframework.org/schema/tx"
	xmlns:p="http://www.springframework.org/schema/p"
	xmlns:context="http://www.springframework.org/schema/context"
	xsi:schemaLocation="http://www.springframework.org/schema/beans https://www.springframework.org/schema/beans/spring-beans.xsd
		http://www.springframework.org/schema/context http://www.springframework.org/schema/context/spring-context-4.2.xsd
		http://www.springframework.org/schema/tx http://www.springframework.org/schema/tx/spring-tx-4.2.xsd">
	
	<!-- Root Context: defines shared resources visible to all other web components -->
	<context:component-scan base-package="com.project.nolate.**" />
	<import resource="classpath:datasource/dbcpdatasource.xml"/>
	
	
	<bean id="sqlSessionFactory" class="org.mybatis.spring.SqlSessionFactoryBean">
		<property name="dataSource" ref="dataSource"/>
		
		<property name="mapperLocations" value="classpath:repository/mappers/**/*Mapper.xml"/>
		<property name="typeAliasesPackage" value="com.project.nolate.domain"/>		
	</bean>
	
	<bean id="sqlSessionTemplate" class="org.mybatis.spring.SqlSessionTemplate"
		c:sqlSessionFactory-ref="sqlSessionFactory"/>
	<bean id="transactionManager" class="org.springframework.jdbc.datasource.DataSourceTransactionManager" 
		p:dataSource-ref="dataSource"/>
</beans>
