<?xml version="1.0" encoding="UTF-8"?>
<beans xmlns="http://www.springframework.org/schema/beans"
	xmlns:xsi="http://www.w3.org/2001/XMLSchema-instance"
	xmlns:context="http://www.springframework.org/schema/context"
	xsi:schemaLocation="http://www.springframework.org/schema/beans http://www.springframework.org/schema/beans/spring-beans-4.2.xsd
		http://www.springframework.org/schema/context http://www.springframework.org/schema/context/spring-context-4.2.xsd">
	
	<context:property-placeholder
		location="classpath:datasource/dbcpdatasource.properties"/>
	
	<bean id="dataSource" destroy-method="close"
		class="org.apache.commons.dbcp2.BasicDataSource" >
		<property name="driverClassName" value="${db.driverClassName}" />
		<property name="url" value="${db.url}" />
		<property name="username" value="${db.username}" />
		<property name="password" value="${db.password}" />
		<property name="initialSize" value="${db.initialSize}" />
		<property name="maxTotal" value="${db.maxTotal}" />
		<property name="maxIdle" value="${db.maxIdle}" />
	</bean>
</beans>
