<?xml version="1.0" encoding="UTF-8"?>
<beans:beans xmlns="http://www.springframework.org/schema/mvc"
	xmlns:xsi="http://www.w3.org/2001/XMLSchema-instance"
	xmlns:beans="http://www.springframework.org/schema/beans"
	xmlns:context="http://www.springframework.org/schema/context"
	xmlns:p="http://www.springframework.org/schema/p"
  xmlns:task="http://www.springframework.org/schema/task"
	xsi:schemaLocation="http://www.springframework.org/schema/mvc https://www.springframework.org/schema/mvc/spring-mvc.xsd
		http://www.springframework.org/schema/task http://www.springframework.org/schema/task/spring-task-4.2.xsd
		http://www.springframework.org/schema/beans https://www.springframework.org/schema/beans/spring-beans.xsd
		http://www.springframework.org/schema/context https://www.springframework.org/schema/context/spring-context.xsd">


	<!-- DispatcherServlet Context: defines this servlet's request-processing infrastructure -->
	
	<!-- Enables the Spring MVC @Controller programming model -->
	
	<task:annotation-driven/>
	<!-- ajax 사용 메시지 컨버터 -->
	<annotation-driven >
		<message-converters>
			<beans:bean class="org.springframework.http.converter.json.MappingJackson2HttpMessageConverter" />
		</message-converters>
	</annotation-driven>

	<!-- Handles HTTP GET requests for /resources/** by efficiently serving up static resources in the ${webappRoot}/resources directory -->
	<resources mapping="/resources/**" location="/resources/" />

	<context:component-scan base-package="com.project.nolate.**" />

	<!-- Resolves views selected for rendering by @Controllers to .jsp resources in the /WEB-INF/views directory -->
	<beans:bean class="org.springframework.web.servlet.view.InternalResourceViewResolver">
		<beans:property name="viewClass" value="org.springframework.web.servlet.view.JstlView"/>
		<beans:property name="prefix" value="/WEB-INF/views/"/>
		<beans:property name="suffix" value=".jsp" />
	</beans:bean>
	
	<view-controller path="/search" view-name="member/memberSearch"/>
	<view-controller path="/join" view-name="member/memberJoin"/>
	<view-controller path="/signIn" view-name="member/memberSignIn"/>
  <view-controller path="/mark" view-name="mark/markList"/>
  <!-- <view-controller path="/main/memberUpdate" view-name="member/memberInputPass"/> -->
  <view-controller path="/memberUpdate" view-name="member/memberInputPass"/>	
  
	
	<view-controller path="/" view-name="redirect:/main" />
	<!-- <redirect-view-controller path="/index" redirect-url="/signIn"/> -->
	<!-- <redirect-view-controller path="/default" redirect-url="/signIn"/> -->
	<redirect-view-controller path="/default" redirect-url="/main"/>

  
	<!-- 명현이 -->
	<view-controller path= "/mapSave"  view-name= "main/mapSave"  />
	<view-controller path= "/boardWrite"  view-name= "writeForm"  />
	<!-- <view-controller path= "/"  view-name= "redirect:/mapList"  /> -->
	<!-- <redirect-view-controller path= "/index"  redirect-url= "/mapList" /> -->
  <!-- 	<redirect-view-controller path= "/default"  redirect-url= "/mapList" /> -->
	<!--
	아래는 ContextRoot/write로 들어오는 요청을 위에서 view-controller에
	설정한 /writeForm 으로 리다이렉트 하는 예 이다.
	-->
  <redirect-view-controller path= "/index" redirect-url= "/markList"/>
  <redirect-view-controller path= "/write"  redirect-url= "/saveForm" />
  <view-controller path="/createSchedule" view-name="main/createSchedule"/>
  <!-- <view-controller path="/setAlarm" view-name="main/setAlarm"/> -->

</beans:beans>
